TransactionID,id_01,id_02,DeviceType,DeviceInfo
3000000,-26.352682538092722,85800.62687965024,mobile,MacOS
3000001,-94.83426428853589,40209.393266111205,desktop,MacOS
3000002,-95.07055072355836,20716.532862109634,desktop,Windows
3000003,-61.371229485445475,43054.623951809765,desktop,MacOS
3000004,-64.65268079392794,39169.69764767526,desktop,Windows
3000005,-68.43667846328478,91626.20394520364,mobile,Windows
3000006,-50.898023733109,76431.50319856661,mobile,nan
3000007,-67.92664176884287,51006.44001865663,desktop,Windows
3000008,-80.77420815319081,98848.68610543554,mobile,Windows
3000009,-69.05304509113991,47062.475596316406,desktop,iOS Device
3000010,-2.5095727189765,6765.545251207248,desktop,MacOS
3000011,-58.88865830051514,26965.157859683502,desktop,Windows
3000012,-55.52872231416642,44170.977541711945,mobile,MacOS
3000013,-42.345501004885996,16533.35979046589,mobile,Windows
3000014,-1.6659231585773426,94808.94750608025,mobile,nan
3000015,-75.8398723564237,76918.04088395953,mobile,iOS Device
3000016,-31.871788946756624,27560.43284234949,mobile,Windows
3000017,-28.40153064582759,59489.648818273665,desktop,MacOS
3000018,-39.26755832069341,72423.46655384763,desktop,nan
3000019,-91.1421660363356,94186.61396177301,mobile,MacOS
3000020,-32.31277241724236,88281.89956836565,mobile,nan
3000021,-93.59052889638245,52004.03038768315,mobile,iOS Device
3000022,-40.38573504501031,77690.60935950874,desktop,nan
3000023,-26.041882277825735,56652.33062893091,mobile,MacOS
3000024,-78.90301093800495,55717.68511450847,desktop,MacOS
3000025,-15.837799245722593,12359.453875480998,desktop,Windows
3000026,-96.96461944669957,13487.628143599055,mobile,nan
3000027,-15.618713634169396,53423.827887223284,desktop,MacOS
3000028,-53.967094935723495,27617.292952921653,desktop,Windows
3000029,-78.24120600683555,3082.6533435863944,mobile,iOS Device
3000030,-86.6221855006032,72561.08118612101,desktop,MacOS
3000031,-4.6692832417627415,4216.173072326331,mobile,Windows
3000032,-92.73344124188432,59932.4072693014,desktop,MacOS
3000033,-80.09065800640744,54380.185618604126,mobile,nan
3000034,-65.2177652566954,96912.65436720265,mobile,Windows
3000035,-37.976515103887955,48937.100795416525,desktop,nan
3000036,-45.519891472390164,7296.542201401939,mobile,iOS Device
3000037,-87.4356507587686,55617.10881283971,desktop,nan
3000038,-71.02720162617854,84268.52089099404,desktop,Windows
3000039,-76.1248228913976,99688.07914386256,mobile,MacOS
3000040,-78.64571455096586,43603.97419521818,desktop,Windows
3000041,-58.8855663520013,32709.57550717751,mobile,nan
3000042,-29.596854740834317,90758.67639824789,desktop,nan
3000043,-78.25470677827641,19932.970778536015,desktop,MacOS
3000044,-63.33211202970186,61927.46258825974,mobile,iOS Device
3000045,-60.90825731588377,41165.727993913824,desktop,Windows
3000046,-2.354347056458977,5067.154130599973,desktop,MacOS
3000047,-4.533364312093113,35381.55895626408,desktop,MacOS
3000048,-19.986241724792407,27257.623727764785,desktop,MacOS
3000049,-75.83410791808149,68923.0242404052,desktop,Windows
3000050,-93.19626859083303,94930.25927149989,desktop,Windows
3000051,-68.30958622793753,27536.671550485138,desktop,Windows
3000052,-73.32054505661691,81335.12797601649,desktop,iOS Device
3000053,-49.40741998536061,6480.621876902543,mobile,MacOS
3000054,-22.2272089932207,54273.9799939415,desktop,nan
3000055,-14.167706112114203,7984.456307279564,desktop,nan
3000056,-15.51359145894915,93469.2661219333,mobile,MacOS
3000057,-64.03244387769323,76868.77677518163,mobile,nan
3000058,-31.276565653931712,66137.04120925465,mobile,iOS Device
3000059,-68.716580247578,82565.74178084177,desktop,iOS Device
3000060,-93.90944567648172,65104.45976144615,mobile,Windows
3000061,-29.843473439705775,96925.49532025482,mobile,Windows
3000062,-99.01724474302121,71681.83683861238,desktop,Windows
3000063,-59.08174125415114,92541.20234864243,desktop,Windows
3000064,-67.06207306979243,52196.05730905316,mobile,Windows
3000065,-30.66224614811476,12589.376885204403,mobile,nan
3000066,-23.375452723962113,53289.5944208787,desktop,nan
3000067,-69.59053640287162,13560.409978246236,desktop,Windows
3000068,-18.83729855551465,59656.8544384641,desktop,iOS Device
3000069,-70.60832394950663,48766.81299223863,desktop,nan
3000070,-55.36736400134388,62634.96438544539,desktop,iOS Device
3000071,-27.2981472985866,1994.6511244283279,mobile,iOS Device
3000072,-30.707977077521136,20289.208673881047,desktop,MacOS
3000073,-1.263152768780003,49641.71275930096,desktop,MacOS
3000074,-77.48389757840681,95099.85259732435,desktop,Windows
3000075,-33.76820864604177,38977.294995160686,desktop,iOS Device
3000076,-39.03180917242226,43012.83057930983,desktop,nan
3000077,-8.490154550997005,71754.9128116556,mobile,MacOS
3000078,-84.36378583551249,60775.482971325684,desktop,MacOS
3000079,-24.8201836413067,30593.68885973499,mobile,iOS Device
3000080,-43.173138373123166,41670.82316117535,desktop,MacOS
3000081,-72.53341302120945,22552.280086866012,mobile,MacOS
3000082,-52.55650858528259,96636.12445389065,mobile,nan
3000083,-66.62234029302022,13932.803774178614,desktop,iOS Device
3000084,-42.068659721153914,37811.84167207553,desktop,MacOS
3000085,-11.099938918533411,3558.058249781108,desktop,iOS Device
3000086,-43.0695015587798,22956.169701421095,desktop,MacOS
3000087,-36.82775816734159,78266.64269963534,desktop,nan
3000088,-48.125215288529056,20916.347996599066,mobile,iOS Device
3000089,-94.88344935545241,8926.276850367594,desktop,MacOS
3000090,-76.71414431239057,47970.86480460781,desktop,nan
3000091,-50.79982705679173,1986.954238717331,mobile,MacOS
3000092,-68.97647162552953,9391.849288206984,desktop,iOS Device
3000093,-81.82364022388057,80954.96108673453,mobile,MacOS
3000094,-49.58671580815617,77375.86114110104,desktop,iOS Device
3000095,-67.71902065521496,91598.74322008471,mobile,iOS Device
3000096,-74.18923568265853,85597.0281551642,desktop,MacOS
3000097,-53.60145825596192,68634.38076074199,mobile,nan
3000098,-86.67157419178268,6180.952872765621,mobile,Windows
3000099,-7.225426692459266,78502.01318067909,desktop,nan
3000100,-13.229790208076096,84705.57027321549,desktop,nan
3000101,-29.237941425946474,80109.1324314235,desktop,MacOS
3000102,-89.37861724115437,51339.42449549458,mobile,nan
3000103,-22.4122745530307,24057.282026298686,mobile,nan
3000104,-19.204267189098104,84687.66759318394,mobile,Windows
3000105,-23.223538228566227,72989.1181642737,desktop,nan
3000106,-88.60341128807589,98095.35626449631,desktop,Windows
3000107,-35.60920429322353,16413.567177837358,mobile,MacOS
3000108,-16.567520425060138,23340.793722153452,desktop,Windows
3000109,-42.26465987803323,21968.016838268766,mobile,iOS Device
3000110,-35.359262477191095,79461.43699451233,desktop,iOS Device
3000111,-54.16365205736938,19503.822348561698,desktop,Windows
3000112,-47.12926801159474,7599.323152507303,mobile,iOS Device
3000113,-96.56231416482748,99857.51985197724,desktop,MacOS
3000114,-36.10369780267154,3456.9039330697656,desktop,iOS Device
3000115,-91.85527871088408,83689.1619557277,desktop,Windows
3000116,-56.49854056597766,37171.31731351463,desktop,MacOS
3000117,-70.73449023325921,84319.93051602371,desktop,iOS Device
3000118,-45.45720497882869,55907.428629903356,mobile,MacOS
3000119,-86.6583664476793,90261.49171914965,desktop,Windows
3000120,-30.835659802668175,92693.10565504804,mobile,iOS Device
3000121,-20.49884630715296,1900.7199467968237,desktop,MacOS
3000122,-83.66455502568435,8465.805423286038,desktop,MacOS
3000123,-89.56869126481179,25785.514227514694,mobile,iOS Device
3000124,-85.44845172126409,67262.22621998667,mobile,MacOS
3000125,-12.287243810149832,88938.9474546391,desktop,MacOS
3000126,-47.18107382436438,46534.25317810231,desktop,Windows
3000127,-53.27390039924974,61090.33851115228,mobile,Windows
3000128,-89.32881808976457,19661.48542676055,mobile,Windows
3000129,-35.044399324303825,80691.71655428685,mobile,Windows
3000130,-13.200040810491004,96765.48302399351,mobile,Windows
3000131,-17.181413067654702,27591.29435854515,desktop,Windows
3000132,-37.39452910191987,49987.76920845408,desktop,iOS Device
3000133,-92.47212833483263,9525.494940131006,desktop,Windows
3000134,-88.76029728239871,56354.528989833874,desktop,MacOS
3000135,-95.06910128901754,50775.56074282138,desktop,iOS Device
3000136,-74.25207835075307,15299.211931352682,mobile,MacOS
3000137,-86.43385328396222,44764.55509868943,mobile,Windows
3000138,-73.99519597475661,34076.360556569765,mobile,Windows
3000139,-61.49419442810383,52661.25665521374,desktop,MacOS
3000140,-5.701721592886429,58979.779207451116,mobile,MacOS
3000141,-38.96239402183079,1841.0622821137413,desktop,MacOS
3000142,-16.502621431703773,76339.59231200597,desktop,nan
3000143,-28.96484992876678,71588.41489431234,desktop,nan
3000144,-88.74968694733683,37262.3522344457,mobile,nan
3000145,-26.407959362605112,6240.657621313007,desktop,nan
3000146,-72.49011184408755,75738.32143871998,desktop,iOS Device
3000147,-36.08921530052937,95562.34088733511,mobile,Windows
3000148,-65.90380263570114,24775.008006179403,desktop,MacOS
3000149,-0.23277367353408351,33028.93675996675,mobile,Windows
3000150,-73.64485205032221,19197.47605869968,desktop,MacOS
3000151,-72.08695292257303,58116.67621113913,mobile,Windows
3000152,-6.932774443760167,16329.298070098039,desktop,iOS Device
3000153,-97.53555953636773,36263.200402676564,desktop,nan
3000154,-30.33110121268031,70004.28837949203,mobile,Windows
3000155,-27.467360926412184,56451.48231792549,desktop,MacOS
3000156,-16.362142258960063,39259.79386846559,mobile,Windows
3000157,-2.556068936152471,42604.710578946644,desktop,iOS Device
3000158,-2.439808084334757,56648.97737969972,mobile,iOS Device
3000159,-93.47232424335361,1580.608060828969,desktop,Windows
3000160,-17.816067724709754,8772.476976907376,desktop,nan
3000161,-35.369006634261865,88244.54870853815,desktop,MacOS
3000162,-35.26578656269088,8710.019920037787,mobile,iOS Device
3000163,-87.16500733853051,70973.55602484001,mobile,iOS Device
3000164,-34.98128335543467,92083.77824679621,mobile,Windows
3000165,-1.7517419398752168,27797.67682587138,mobile,iOS Device
3000166,-8.818143046055297,37678.652268891914,mobile,iOS Device
3000167,-56.08693391951495,57323.21917862691,desktop,MacOS
3000168,-96.00520267139056,88289.18799421989,desktop,nan
3000169,-63.770650999979516,94248.65313878159,desktop,MacOS
3000170,-17.360968839944476,74216.76156301553,desktop,nan
3000171,-29.850089853483396,9575.35632461471,desktop,MacOS
3000172,-54.06563444060436,67246.26139795023,mobile,Windows
3000173,-94.4898464841169,41620.068465393546,desktop,iOS Device
3000174,-57.31052721766974,47599.3989496151,mobile,nan
3000175,-53.09750602821165,5865.690644172527,desktop,Windows
3000176,-7.144446710586408,19915.15179528946,mobile,iOS Device
3000177,-35.89138964178406,79260.84714583113,mobile,iOS Device
3000178,-68.83470833453511,45941.924471738115,mobile,iOS Device
3000179,-47.46817355492786,30864.561921483735,desktop,MacOS
3000180,-93.39446921778399,39017.88832253086,desktop,Windows
3000181,-2.7431764350263137,85585.55181924233,desktop,Windows
3000182,-63.9940098069274,75150.90272309074,desktop,iOS Device
3000183,-52.21326450868642,27959.224320927195,mobile,nan
3000184,-64.47160257630773,12632.682181024958,mobile,Windows
3000185,-31.74882698837999,25947.823942763098,mobile,MacOS
3000186,-33.7767841670407,92154.88865441864,mobile,nan
3000187,-28.46776894708644,58577.29494712578,desktop,nan
3000188,-73.18567703880791,53814.540665733504,mobile,nan
3000189,-68.43315188359341,60042.966369553695,desktop,nan
3000190,-87.4748768903792,37236.79830890501,mobile,Windows
3000191,-34.44900281538874,80903.59501163177,mobile,iOS Device
3000192,-96.02028726643475,52805.33868072473,mobile,nan
3000193,-40.231766447654095,12558.042374110759,desktop,MacOS
3000194,-13.030411514836615,13777.447358077234,desktop,MacOS
3000195,-10.91678517103665,54149.05550375921,mobile,iOS Device
3000196,-55.09622396300383,93720.45158901307,mobile,Windows
3000197,-54.069631178692624,31526.860045943675,mobile,iOS Device
3000198,-92.30308169919826,87084.57571706262,desktop,nan
3000199,-32.92349745569642,76645.46307130906,desktop,Windows
3000200,-17.874057962715455,25533.431847783777,desktop,Windows
3000201,-75.5344945395287,4597.734083308003,mobile,nan
3000202,-57.86991183666353,11082.879249095891,desktop,MacOS
3000203,-16.116066323472964,73120.89945089658,mobile,nan
3000204,-12.287953233771205,20767.304066024022,desktop,iOS Device
3000205,-75.6820019735774,37755.82113003398,mobile,nan
3000206,-44.942936545863574,50668.217434636055,mobile,MacOS
3000207,-80.75068493641729,72821.34867656612,desktop,nan
3000208,-89.81212358604435,12209.891102653413,mobile,iOS Device
3000209,-8.887949860804241,41230.27412246868,mobile,iOS Device
3000210,-17.949249576789086,49022.218005126844,mobile,MacOS
3000211,-23.996509819682615,54541.87933318243,desktop,iOS Device
3000212,-95.12336811868596,82017.70349812646,mobile,iOS Device
3000213,-15.627120728974248,17996.141309278475,desktop,nan
3000214,-56.195592409461625,80975.31373083561,desktop,Windows
3000215,-65.76048767041404,69594.96434196857,mobile,iOS Device
3000216,-45.352363897462354,56031.21060569697,desktop,iOS Device
3000217,-90.86467572764442,70253.25916985462,mobile,MacOS
3000218,-24.33534506476012,41789.75615621398,desktop,MacOS
3000219,-41.75649231117041,14701.361010844332,mobile,nan
3000220,-81.34099031268325,66910.75878627137,desktop,nan
3000221,-81.17678002309543,52942.5583618766,mobile,iOS Device
3000222,-81.57513484273258,64298.10525373478,mobile,Windows
3000223,-94.2997612448066,34461.87932182051,mobile,Windows
3000224,-41.22015506283152,90779.79115664375,mobile,nan
3000225,-15.965182241149193,59149.61698898212,desktop,MacOS
3000226,-98.25017860126114,9454.845944796509,desktop,iOS Device
3000227,-95.09953550287264,45530.595079738436,mobile,iOS Device
3000228,-42.72297233130542,75879.2494196198,desktop,Windows
3000229,-18.050431461394766,79619.32161149496,mobile,nan
3000230,-67.32611094313664,49965.108223612115,mobile,Windows
3000231,-65.03856011922778,89580.00951229881,desktop,Windows
3000232,-40.36535025032241,27499.175282235457,desktop,nan
3000233,-72.5787110875853,41649.271026588394,mobile,MacOS
3000234,-97.33916339223158,89961.09414632803,desktop,iOS Device
3000235,-26.477148189840392,89729.41493068631,mobile,MacOS
3000236,-37.43500870585469,68885.56411364341,desktop,nan
3000237,-41.92440009443409,86039.0741650998,desktop,nan
3000238,-25.831587100817686,9788.553428667034,desktop,iOS Device
3000239,-32.47691624379625,86634.50264456986,desktop,MacOS
3000240,-79.41180118216789,32741.37074847245,desktop,iOS Device
3000241,-64.75189530566489,18654.819730393418,mobile,Windows
3000242,-87.38898583213751,24697.61379786259,desktop,Windows
3000243,-87.0142986582119,42378.88229337482,desktop,Windows
3000244,-32.38042536434608,25868.008455842257,mobile,MacOS
3000245,-14.139989301750177,32736.191015633405,mobile,Windows
3000246,-3.726741613886091,14362.870121092566,mobile,iOS Device
3000247,-37.165288245055564,30321.499790340855,desktop,MacOS
3000248,-81.5898676639043,57656.09763965812,desktop,iOS Device
3000249,-89.43496545510693,44743.51710101533,mobile,nan
3000250,-18.71490284632422,35325.1573623552,mobile,MacOS
3000251,-42.124352364000075,74898.76075685429,mobile,iOS Device
3000252,-38.17149789862802,89457.48716793847,mobile,iOS Device
3000253,-21.85379112452908,75922.1330673373,desktop,MacOS
3000254,-29.672277226754844,33868.06950965024,desktop,nan
3000255,-16.554174714390342,74699.77461591782,desktop,MacOS
3000256,-94.37860945401215,16046.03806493107,desktop,Windows
3000257,-25.247936325349514,13901.480821037801,desktop,Windows
3000258,-14.914724267790461,35217.076666579735,mobile,nan
3000259,-71.38649575416856,80962.53453536164,desktop,iOS Device
3000260,-35.95527260067472,25388.476476987886,mobile,iOS Device
3000261,-68.58379361630278,7262.087480969279,mobile,iOS Device
3000262,-4.2028933517545966,14039.243985429153,mobile,MacOS
3000263,-96.65764275644962,86015.75188442844,desktop,MacOS
3000264,-42.02071561670449,63744.54518998147,mobile,nan
3000265,-83.34964529504849,26066.91517362769,desktop,Windows
3000266,-28.777979482284138,55974.286707489955,mobile,iOS Device
3000267,-82.41097165813379,53230.38262010969,desktop,Windows
3000268,-76.46167381016424,65888.16186562547,mobile,MacOS
3000269,-50.56291889542419,24085.567887740017,desktop,MacOS
3000270,-8.516505000312193,86575.89573224536,mobile,MacOS
3000271,-78.82856278520292,31627.487645921272,mobile,Windows
3000272,-85.57599788818965,69719.03374364745,mobile,nan
3000273,-24.102316814596932,2596.339990849274,mobile,nan
3000274,-49.9380467666069,37893.05585952057,desktop,MacOS
3000275,-8.821488761822863,35819.27197792202,desktop,iOS Device
3000276,-85.33854428401577,54804.958429718434,desktop,Windows
3000277,-35.40721069769607,8200.889915942455,mobile,MacOS
3000278,-76.7120853848185,79223.00599888472,mobile,Windows
3000279,-84.32395713483606,22560.299374989285,mobile,Windows
3000280,-31.65705848427295,68026.74367331901,mobile,nan
3000281,-40.63153800912668,80518.00020116523,mobile,MacOS
3000282,-24.51725416376688,56625.8186679098,mobile,nan
3000283,-69.05374235538176,74347.43746547656,desktop,MacOS
3000284,-55.20283436178101,66524.17090928555,desktop,Windows
3000285,-59.452832366958155,36197.449918048755,desktop,nan
3000286,-1.591053603348584,81076.99536432297,desktop,Windows
3000287,-70.77510432606121,30175.43561866727,desktop,MacOS
3000288,-70.51827616532331,57550.0788574002,desktop,iOS Device
3000289,-64.54517911713927,74794.37617501241,desktop,nan
3000290,-43.54059187096785,38516.63507143825,desktop,nan
3000291,-74.76772557362548,30973.99315412508,mobile,Windows
3000292,-8.47100596207261,46475.25500710945,mobile,Windows
3000293,-73.43144351337365,81978.38594056621,mobile,iOS Device
3000294,-10.418426843980527,93062.25455142082,mobile,nan
3000295,-89.65249363534153,54963.25787312912,mobile,MacOS
3000296,-34.34372976003476,66485.15432704153,mobile,MacOS
3000297,-9.301448156175624,90424.0886016525,mobile,nan
3000298,-83.12505616017705,10756.138289881297,desktop,nan
3000299,-3.167303990074501,23975.77920875034,desktop,nan
3000300,-54.71166395844883,71181.10061890667,mobile,iOS Device
3000301,-5.428489155897552,82550.70172931766,desktop,MacOS
3000302,-32.317995636995306,85845.87380472722,desktop,MacOS
3000303,-69.84131301264485,42095.610508638325,desktop,Windows
3000304,-81.16974750828936,9844.650326894816,desktop,Windows
3000305,-69.62649537749006,44340.366252662374,desktop,nan
3000306,-90.6982590737325,23842.724430498325,mobile,Windows
3000307,-85.61320336566702,29828.44904466579,desktop,iOS Device
3000308,-89.53395596535188,77454.48812691307,mobile,MacOS
3000309,-57.70564562584423,8477.1815165628,mobile,MacOS
3000310,-20.442162374241363,82930.54053058951,mobile,Windows
3000311,-85.86164457836598,43339.23949659274,desktop,nan
3000312,-86.96795668276641,60010.32917895891,mobile,Windows
3000313,-35.65710504826693,9875.570892332222,mobile,nan
3000314,-80.28170180319337,34398.548757370685,mobile,iOS Device
3000315,-90.23899618910085,9880.390982469733,mobile,MacOS
3000316,-83.31514217944223,96192.82856522985,desktop,iOS Device
3000317,-7.626860412322387,80918.90328329879,mobile,MacOS
3000318,-17.852874722380918,46503.642681289566,mobile,iOS Device
3000319,-64.59354376449059,23136.65228404344,mobile,Windows
3000320,-34.41792326726072,93412.05541973536,mobile,iOS Device
3000321,-46.27243263319619,35115.06297697021,desktop,iOS Device
3000322,-32.2875736517436,16937.458737050103,mobile,Windows
3000323,-31.732884753724065,56753.27445694154,mobile,MacOS
3000324,-37.1265984940007,94433.6379141368,mobile,MacOS
3000325,-73.38986314626914,1379.198759531935,mobile,Windows
3000326,-96.09935792371819,24574.359482145876,mobile,iOS Device
3000327,-54.44332180098912,93906.31640063036,mobile,iOS Device
3000328,-10.902611530929619,17937.51071885904,desktop,iOS Device
3000329,-43.05027414814241,12211.101712342166,mobile,nan
3000330,-16.760895829809215,57448.53436418064,desktop,MacOS
3000331,-0.8375657038771891,86322.53850618815,desktop,iOS Device
3000332,-83.63837958617238,48233.87195169869,mobile,MacOS
3000333,-30.822236085801762,99461.86141176795,desktop,iOS Device
3000334,-32.570642629997536,68237.99825426129,mobile,Windows
3000335,-2.004455264172151,8333.415813834326,desktop,Windows
3000336,-1.4399266047199717,99290.38103651557,mobile,MacOS
3000337,-31.33213882758706,41381.529441238854,desktop,MacOS
3000338,-75.63852080178057,29452.85085070277,desktop,Windows
3000339,-20.14441618694009,56230.03917421067,mobile,nan
3000340,-89.29708657889618,31126.451590265566,desktop,Windows
3000341,-21.930069582837135,9559.29320489508,desktop,iOS Device
3000342,-8.980387585530352,1141.4059648384953,desktop,nan
3000343,-61.71666052315648,45508.75193910597,desktop,Windows
3000344,-36.93647050169196,83849.47880043264,desktop,nan
3000345,-56.98572679031737,57659.20337737758,mobile,nan
3000346,-56.223494501187155,99921.52259540065,desktop,nan
3000347,-68.962911089188,29397.817919072797,desktop,MacOS
3000348,-23.787037954967545,28765.051411245477,mobile,Windows
3000349,-6.382343583349481,16815.196563160476,mobile,MacOS
3000350,-5.92491407655389,17242.295238268183,mobile,MacOS
3000351,-82.52187151250662,29233.473004994732,desktop,iOS Device
3000352,-12.525635034343395,79491.16448207918,desktop,iOS Device
3000353,-26.25685585728779,90669.92227300834,desktop,nan
3000354,-74.71625993097108,97533.62980106045,desktop,nan
3000355,-93.27153870784855,23996.67575554881,mobile,iOS Device
3000356,-73.2002733115622,88248.45701579508,mobile,iOS Device
3000357,-8.779176321847444,33497.25383845637,desktop,Windows
3000358,-36.68213251042277,12171.213907171557,desktop,nan
3000359,-27.894533910212814,87132.4676264964,desktop,nan
3000360,-74.28476488909041,63974.45782971824,desktop,iOS Device
3000361,-28.06118444251797,17308.35871202511,mobile,Windows
3000362,-97.18784937220762,43553.29449378725,mobile,iOS Device
3000363,-62.46786542269862,29438.511792829697,desktop,iOS Device
3000364,-37.32466514576688,73942.6623023095,mobile,MacOS
3000365,-85.39034344586798,45888.20683180254,desktop,nan
3000366,-17.699642555306525,98938.71456553211,desktop,Windows
3000367,-76.49687011880813,6419.753243699917,mobile,MacOS
3000368,-34.77188871815538,36146.51134748842,desktop,nan
3000369,-59.48028574246703,48708.116543887765,mobile,iOS Device
3000370,-40.395640452235284,50810.221920083655,desktop,Windows
3000371,-89.25494473710918,32277.646416178042,mobile,nan
3000372,-98.30872000783927,73194.78466065924,desktop,iOS Device
3000373,-9.04355726196988,87599.96027540849,mobile,MacOS
3000374,-73.03699912328172,93933.21089580844,desktop,Windows
3000375,-18.03229972195409,80704.2443031531,desktop,nan
3000376,-0.06496995277997542,85207.43953335335,mobile,MacOS
3000377,-78.85687420010888,55503.98476137956,desktop,iOS Device
3000378,-73.48292588166444,82762.93441625465,mobile,iOS Device
3000379,-33.714021236533426,31046.88700564727,mobile,nan
3000380,-3.4551365399378824,40449.397448812226,desktop,iOS Device
3000381,-8.418565180925611,32374.388368035885,desktop,Windows
3000382,-49.71244799344151,47271.34620934462,desktop,nan
3000383,-20.48897174732754,29272.382007625,desktop,MacOS
3000384,-86.42541469000989,96199.53278319024,mobile,nan
3000385,-2.256181579598774,31971.618172561146,desktop,nan
3000386,-3.5646765964013554,10706.409272983043,desktop,MacOS
3000387,-83.62710421208291,53154.89943899093,desktop,iOS Device
3000388,-70.05768751968934,6652.8087660724605,mobile,MacOS
3000389,-89.9845002493233,11943.773464549471,desktop,Windows
3000390,-72.82824011018204,22719.549530428383,mobile,iOS Device
3000391,-18.404421058479343,46970.674738332025,desktop,nan
3000392,-62.16843928347405,43891.84229859376,mobile,iOS Device
3000393,-91.16030328532416,80169.49433827633,desktop,iOS Device
3000394,-65.77744752210955,74207.99073452722,desktop,Windows
3000395,-1.8616665758719932,43205.51110507943,mobile,iOS Device
3000396,-37.03164047407971,34036.71654998736,desktop,iOS Device
3000397,-58.38390535938422,32330.40962208836,desktop,iOS Device
3000398,-83.346148650273,77625.51364210689,desktop,nan
3000399,-1.382320271630519,6155.1682159057045,mobile,iOS Device
3000400,-17.91509907368713,2269.343301549977,desktop,MacOS
3000401,-71.85226975490806,79758.89480073816,mobile,iOS Device
3000402,-92.99313042788106,48237.49122291588,mobile,Windows
3000403,-94.33744426224419,13957.232716804021,mobile,iOS Device
3000404,-87.96218504944662,24321.027524855625,desktop,iOS Device
3000405,-41.92314163855784,93317.89135664087,mobile,nan
3000406,-7.123657879450761,86090.7945868649,mobile,MacOS
3000407,-50.325657199401554,71268.71997217328,desktop,iOS Device
3000408,-15.705451754380277,48740.297803395326,mobile,MacOS
3000409,-55.411338014019215,52512.038992947186,mobile,Windows
3000410,-29.141645423217483,97549.2089931119,desktop,nan
3000411,-26.812726271349916,96611.27394454443,desktop,MacOS
3000412,-82.60362940966613,22311.635532797594,mobile,nan
3000413,-63.878394102418824,81299.35206422649,desktop,iOS Device
3000414,-36.26978434619761,20527.02395053466,desktop,Windows
3000415,-92.93033918156338,22140.21031051119,desktop,nan
3000416,-63.84598122370434,67933.2103822931,mobile,iOS Device
3000417,-46.520053371880756,41095.10876016729,mobile,MacOS
3000418,-0.3775506955361294,93222.8963035455,desktop,Windows
3000419,-52.54664373775593,9811.963754704873,mobile,Windows
3000420,-18.394324288567645,51641.03844013981,desktop,MacOS
3000421,-56.793271493338224,91933.631513869,desktop,MacOS
3000422,-20.360927738029105,90507.252387471,desktop,Windows
3000423,-40.45851983798916,16496.392128158383,desktop,nan
3000424,-11.340455849760161,37297.13230954919,desktop,Windows
3000425,-58.90574476498901,62293.01860462293,mobile,MacOS
3000426,-39.56955801785212,16780.093592368816,mobile,nan
3000427,-36.99813193811726,96834.19503252814,mobile,iOS Device
3000428,-58.26170581995267,91560.18354403837,mobile,Windows
3000429,-85.56879563125185,17528.06772441245,desktop,MacOS
3000430,-90.64405930876644,12994.390664837556,desktop,iOS Device
3000431,-98.3328449400367,9455.439798018264,mobile,Windows
3000432,-12.646573575478541,91034.92273962648,mobile,Windows
3000433,-76.35250877613055,20168.757169750617,desktop,nan
3000434,-78.84932507182319,42212.20792589112,desktop,MacOS
3000435,-26.396459957393446,45436.2851995483,desktop,iOS Device
3000436,-67.99838869126083,60302.09337714319,mobile,Windows
3000437,-49.39553075881634,8101.799030995071,desktop,nan
3000438,-83.74889347025437,23449.10312265108,desktop,iOS Device
3000439,-4.02542785380308,93217.54830497368,mobile,iOS Device
3000440,-14.841859998276263,90932.60061958838,mobile,Windows
3000441,-13.621037703499667,78347.77409316353,mobile,iOS Device
3000442,-59.32262514279948,2920.723316203328,desktop,Windows
3000443,-23.763878629282715,33373.670081114105,desktop,nan
3000444,-85.61238446102199,63167.91479894787,mobile,nan
3000445,-99.13809974082197,28243.830965574092,desktop,iOS Device
3000446,-98.00270674219719,91049.08281032395,desktop,Windows
3000447,-41.339826259543955,63755.05672141175,desktop,MacOS
3000448,-54.46050947520592,8118.765014328114,mobile,nan
3000449,-48.198465109148025,90991.55329473461,mobile,Windows
3000450,-99.25368595827806,95818.89915944602,desktop,Windows
3000451,-57.731338034257426,8693.529420780824,desktop,Windows
3000452,-28.193183879913917,53703.663251270176,desktop,iOS Device
3000453,-55.73062980325641,31033.063939202875,desktop,MacOS
3000454,-26.778079368777767,39891.068571658834,mobile,iOS Device
3000455,-76.69810356031653,18785.470577578846,mobile,nan
3000456,-18.685799551827458,58229.13809922884,desktop,iOS Device
3000457,-41.15687595465477,95839.95597164017,desktop,Windows
3000458,-78.92369005700938,50804.18742688929,mobile,iOS Device
3000459,-76.3279524146167,9208.543558053634,desktop,Windows
3000460,-37.1969535430463,62380.13201426343,mobile,MacOS
3000461,-17.006040678755667,34682.076450674445,desktop,iOS Device
3000462,-58.43722179708448,85736.59376953848,mobile,iOS Device
3000463,-74.16995708724077,44033.13668333055,desktop,iOS Device
3000464,-13.29883930893996,20091.121285282316,desktop,Windows
3000465,-33.0731708249165,19919.45664642335,mobile,Windows
3000466,-55.19145127169235,77107.65389139488,mobile,iOS Device
3000467,-51.209980472069816,27293.17223242863,desktop,iOS Device
3000468,-79.57435320636036,76956.10602176307,desktop,MacOS
3000469,-37.319736993515605,21382.84376589334,mobile,MacOS
3000470,-64.12574894571114,32846.95050142963,mobile,nan
3000471,-0.43548233256507274,47083.21027153024,desktop,MacOS
3000472,-51.98164847381121,94376.38911965162,desktop,MacOS
3000473,-51.41143938103868,93241.41105062864,mobile,MacOS
3000474,-43.41482125893281,21480.31566680649,mobile,Windows
3000475,-8.324399688125325,36463.68508306421,mobile,MacOS
3000476,-19.918190014024972,15790.53945692346,mobile,MacOS
3000477,-54.886993020215854,51488.522852036214,mobile,iOS Device
3000478,-28.1300734027204,46597.67251877199,desktop,Windows
3000479,-41.37645012192384,90175.25608262251,desktop,nan
3000480,-50.76329512987511,93070.53240131619,mobile,nan
3000481,-80.76842272156495,38973.171709721915,desktop,MacOS
3000482,-53.60637365451091,49682.056358879956,desktop,nan
3000483,-75.41814129774254,89727.38866546718,mobile,nan
3000484,-8.515785014834535,80864.07296676109,desktop,nan
3000485,-66.4593186503653,1361.9748231202784,desktop,MacOS
3000486,-4.773598546662768,32685.89685417467,desktop,nan
3000487,-46.69447099052888,42755.64995167647,mobile,MacOS
3000488,-36.84556213238397,23741.91208463994,mobile,iOS Device
3000489,-45.70595555106722,20757.589973697937,desktop,iOS Device
3000490,-87.06193830332991,4740.666152972287,desktop,nan
3000491,-62.4178780992059,64693.602781906295,desktop,iOS Device
3000492,-90.08538877223761,26988.5187578334,desktop,MacOS
3000493,-37.70459558166183,6182.370664699996,desktop,iOS Device
3000494,-55.31258047995611,23866.9517422783,desktop,nan
3000495,-22.201502842906322,80389.48133077653,mobile,MacOS
3000496,-77.95295190006301,85297.42898300811,desktop,Windows
3000497,-83.5433941570665,48823.558274136965,desktop,MacOS
3000498,-59.36677690362322,42190.99637045993,mobile,iOS Device
3000499,-7.341461678161892,97807.51565667639,desktop,Windows
3000500,-28.957818498758826,20855.90129921892,desktop,MacOS
3000501,-58.10763752070813,22320.56900260624,desktop,Windows
3000502,-48.272783024568945,29894.850526603575,desktop,Windows
3000503,-91.57869888229017,18102.974509827643,mobile,Windows
3000504,-1.5424103623886936,38557.19422221447,desktop,MacOS
3000505,-33.3592695305081,91172.58847198563,mobile,iOS Device
3000506,-71.45959315365775,61919.436222228855,desktop,MacOS
3000507,-41.41916057847557,41782.7083126141,desktop,iOS Device
3000508,-89.0517633931006,93506.66866255026,mobile,MacOS
3000509,-3.416333119241642,5797.959015106409,desktop,MacOS
3000510,-82.5215012116634,21817.341612284275,mobile,MacOS
3000511,-35.196968194478586,57022.97190507414,mobile,iOS Device
3000512,-75.45455374610695,61939.70969612474,mobile,MacOS
3000513,-28.243861735146425,4916.193149698702,desktop,Windows
3000514,-22.317863275971888,40900.837032806085,desktop,MacOS
3000515,-32.65802710885673,65266.242518256404,desktop,Windows
3000516,-38.55005397448075,70108.98409393676,desktop,nan
3000517,-10.753090604798828,64175.85034911066,mobile,nan
3000518,-92.13732890102419,32735.75921173153,desktop,iOS Device
3000519,-66.90852342198048,10258.492236193042,desktop,iOS Device
3000520,-75.1712520369154,43284.132195514074,mobile,nan
3000521,-1.1986037934578349,13746.689299437492,mobile,MacOS
3000522,-61.06102203331265,94814.74219354604,desktop,MacOS
3000523,-26.73873007596012,48041.9157362402,mobile,MacOS
3000524,-31.52748361189954,32408.65826132989,mobile,nan
3000525,-78.79187625226223,76864.10304077111,mobile,Windows
3000526,-76.10023197884487,50296.91066564412,mobile,iOS Device
3000527,-71.87154364469659,31693.368377232557,mobile,Windows
3000528,-58.887272174062076,81384.80649668937,desktop,nan
3000529,-76.56749343494732,86848.06294911107,desktop,Windows
3000530,-98.03485172531522,67627.80846257902,desktop,MacOS
3000531,-12.060694319280458,5649.477818359062,desktop,MacOS
3000532,-3.439016861911597,57065.96513648668,desktop,Windows
3000533,-65.84296129684321,76566.19628773088,desktop,nan
3000534,-66.1493120574527,14513.798196274636,desktop,Windows
3000535,-99.2908187225629,23638.40438707573,mobile,MacOS
3000536,-31.97493116696259,88367.0154017455,desktop,MacOS
3000537,-17.456010425137123,2992.0504634543295,desktop,nan
3000538,-85.33916996399968,75519.98664477162,desktop,Windows
3000539,-84.03336506328492,47903.55595892787,mobile,MacOS
3000540,-20.991675002856226,45230.44372512108,desktop,MacOS
3000541,-38.370925164585536,1702.5567169938304,desktop,Windows
3000542,-95.5139442372283,82120.42486568278,mobile,Windows
3000543,-37.74530095377183,36622.66516302008,desktop,iOS Device
3000544,-69.1082277156234,54535.797498753745,desktop,nan
3000545,-63.127484452915404,68052.76794723028,mobile,nan
3000546,-23.026858170311982,70560.32806735366,desktop,Windows
3000547,-18.90648073273894,95642.02582378115,mobile,nan
3000548,-59.96433731601694,53602.6553704243,desktop,MacOS
3000549,-5.284706399364524,40572.23554646833,desktop,Windows
3000550,-59.35372820479278,95416.65902267909,desktop,Windows
3000551,-22.816396476989013,64568.913267526594,mobile,Windows
3000552,-51.61227354357409,30516.885271379007,mobile,iOS Device
3000553,-10.246767347791604,13519.960294953544,mobile,nan
3000554,-9.223875634982136,84412.89564505295,desktop,iOS Device
3000555,-91.25831921289162,36855.978676621,desktop,MacOS
3000556,-6.350666868977427,66386.50241507869,mobile,nan
3000557,-17.446515847958437,47610.825517223915,mobile,iOS Device
3000558,-20.86892856873331,20694.048199708795,desktop,Windows
3000559,-79.90886603144776,60566.974253426044,desktop,iOS Device
3000560,-19.488079124533513,7007.6238261175495,desktop,Windows
3000561,-14.986726531496316,41920.90352724803,desktop,iOS Device
3000562,-71.08496655458491,55114.879026703435,mobile,iOS Device
3000563,-4.77399216376763,44168.65043773933,desktop,iOS Device
3000564,-95.01398536008358,75118.5453498481,desktop,Windows
3000565,-85.00907467528603,82964.57049998593,desktop,iOS Device
3000566,-46.24188619484857,77353.06432928462,desktop,nan
3000567,-42.420752887769034,4842.481833368409,desktop,nan
3000568,-35.48499166990966,20218.74827415125,desktop,nan
3000569,-98.30308706845335,54124.14341711366,desktop,Windows
3000570,-3.963322537786979,93547.38200393632,mobile,Windows
3000571,-95.5411907265856,83660.72073015956,mobile,nan
3000572,-85.69380472765977,84410.91632682836,mobile,nan
3000573,-98.5985482473943,31017.611182207813,desktop,nan
3000574,-43.314156670590535,43515.34181079156,mobile,MacOS
3000575,-6.7733116079027695,47599.888784277806,desktop,nan
3000576,-33.405283391953574,16579.78675164113,desktop,iOS Device
3000577,-17.73425315195726,4075.744894201175,desktop,MacOS
3000578,-98.67187965414199,94743.38704659118,desktop,MacOS
3000579,-45.79847015202739,24830.545980687166,mobile,Windows
3000580,-54.04370224944781,24754.9414686395,desktop,iOS Device
3000581,-50.1032055779207,9254.526323107195,desktop,Windows
3000582,-92.7786814664812,92922.26744243408,mobile,Windows
3000583,-31.55646389306925,58393.97437903743,mobile,iOS Device
3000584,-49.677958514136556,67036.64885541004,mobile,Windows
3000585,-23.48511501387361,91246.1118390422,desktop,iOS Device
3000586,-51.47093659382846,35216.396721178164,mobile,iOS Device
3000587,-85.0618363773568,62529.22380267033,desktop,Windows
3000588,-35.174304592217794,4841.146018159859,desktop,nan
3000589,-82.76136378948337,19490.480294881803,mobile,Windows
3000590,-12.760543664518508,83293.33470390431,mobile,MacOS
3000591,-38.688376093075846,76910.06727749524,mobile,Windows
3000592,-84.27961164430458,35713.626454257545,desktop,iOS Device
3000593,-3.7661942518793126,38304.252149647036,desktop,MacOS
3000594,-48.16345366646794,53821.88892180437,desktop,iOS Device
3000595,-92.7101548128345,1023.8594638283204,desktop,nan
3000596,-37.31670955849328,24883.18926776476,desktop,nan
3000597,-74.68010929871897,21614.94905221323,desktop,MacOS
3000598,-19.630654812269754,25797.81172822658,mobile,nan
3000599,-18.217792643380932,80784.6784108107,desktop,nan
3000600,-2.1052644145338206,28687.711798097873,mobile,Windows
3000601,-49.813046897549626,19960.61088296467,mobile,Windows
3000602,-54.504312027226284,50922.08261851012,mobile,nan
3000603,-24.65243945535194,86698.85860090046,mobile,nan
3000604,-86.75293436580735,24893.62067991249,mobile,Windows
3000605,-45.30844862068758,8775.088036487072,desktop,nan
3000606,-45.375239986914906,36284.068849116804,desktop,nan
3000607,-91.05268771896128,75017.53063193281,desktop,iOS Device
3000608,-58.201591449308644,55518.363924784666,desktop,nan
3000609,-14.671520143279807,81862.5435878604,mobile,MacOS
3000610,-14.384637800533966,95999.62261331416,mobile,iOS Device
3000611,-90.0762335080319,79473.58519841009,mobile,MacOS
3000612,-90.92791172521692,60776.504805531586,desktop,nan
3000613,-73.73045229980647,49840.81721718567,desktop,Windows
3000614,-12.523393744600654,4966.8395484784,desktop,iOS Device
3000615,-87.1097414926501,98447.87590259008,desktop,Windows
3000616,-28.00031973725538,38964.63113492921,mobile,iOS Device
3000617,-89.88343803868968,16070.593177769813,mobile,Windows
3000618,-37.68621462521746,67004.17668424922,desktop,iOS Device
3000619,-64.39327008808553,29144.540620450472,desktop,iOS Device
3000620,-21.108603703413294,58992.04882217372,mobile,MacOS
3000621,-76.63095511746364,59090.02287661453,mobile,Windows
3000622,-36.079817061004015,45127.25226938405,mobile,MacOS
3000623,-76.4317465424115,83775.74293895921,mobile,MacOS
3000624,-28.633971688784627,27231.73909398886,desktop,Windows
3000625,-12.632196543925119,45414.626570155684,mobile,iOS Device
3000626,-87.31982008732399,54231.52073050618,mobile,MacOS
3000627,-13.340431140449653,66698.84735596266,mobile,Windows
3000628,-40.64247455857021,78613.21320005336,mobile,iOS Device
3000629,-87.2889509132976,40085.92100494735,desktop,MacOS
3000630,-57.2458144640288,64958.64746556301,desktop,MacOS
3000631,-83.91397065149022,15910.484353783393,desktop,MacOS
3000632,-29.965211113343045,93332.16195370538,desktop,iOS Device
3000633,-24.11318655820503,38922.82183567935,desktop,MacOS
3000634,-89.42034797272011,73222.62077566741,desktop,iOS Device
3000635,-49.386014730535564,3013.7671063355874,mobile,nan
3000636,-18.53749439740828,21313.527147575893,mobile,MacOS
3000637,-6.383695844900345,49221.17188803422,mobile,nan
3000638,-48.648213325823,87946.9943055023,mobile,Windows
3000639,-4.9720776388592896,53198.259845117034,desktop,MacOS
3000640,-46.43110295439702,93057.17774709403,mobile,Windows
3000641,-60.580950540009205,48895.892761696836,desktop,Windows
3000642,-15.179687144710456,49554.46057685904,mobile,Windows
3000643,-50.7017289541911,12854.932061552658,mobile,nan
3000644,-52.809748943547696,80462.96817106976,mobile,iOS Device
3000645,-50.96875105901717,25449.575834239185,desktop,nan
3000646,-15.321499813025468,90061.6364478592,mobile,nan
3000647,-16.805845831194787,91171.59781270921,desktop,Windows
3000648,-59.64800075597888,94387.70107554083,desktop,MacOS
3000649,-66.67001401294749,52502.81842120591,mobile,iOS Device
3000650,-50.80719759608707,68032.28469358079,desktop,Windows
3000651,-42.722749026289094,78073.07212610469,desktop,iOS Device
3000652,-76.1662789372003,13970.447246396094,mobile,nan
3000653,-20.60449152844093,60494.76230475223,mobile,iOS Device
3000654,-51.351723426757715,4395.4922290278555,mobile,iOS Device
3000655,-66.59544515800404,50259.04225548386,mobile,MacOS
3000656,-89.31790070360094,16329.425480402513,mobile,Windows
3000657,-76.1154839596393,19109.369670246386,mobile,iOS Device
3000658,-5.0718828244016265,37139.70910256755,desktop,iOS Device
3000659,-69.49003131804734,43811.279504933795,mobile,nan
3000660,-83.11407106329646,62694.07002868654,mobile,nan
3000661,-53.93272083450068,8368.413425413051,desktop,iOS Device
3000662,-69.29122566397513,50865.48436250702,mobile,Windows
3000663,-96.48407497288059,19079.88789505701,desktop,iOS Device
3000664,-67.68547827205828,57823.542328142445,mobile,iOS Device
3000665,-45.58913760605314,64103.05661385717,mobile,MacOS
3000666,-44.82876279800331,56114.21639873253,desktop,Windows
3000667,-64.34410788231114,74091.25553735245,mobile,MacOS
3000668,-55.26972437473994,34225.31517984923,desktop,Windows
3000669,-3.448208176523366,76745.55257167996,mobile,Windows
3000670,-62.26515227696884,43843.94108911118,mobile,Windows
3000671,-74.1773186740017,48934.26533393708,desktop,MacOS
3000672,-75.65329559332399,65162.11059884607,mobile,MacOS
3000673,-54.223538729586586,2817.480015923172,mobile,MacOS
3000674,-24.047985128305598,65745.42792060459,desktop,nan
3000675,-79.40118158115268,62239.92975813942,mobile,MacOS
3000676,-29.07038728592319,31674.86455857471,desktop,nan
3000677,-97.88501766505837,9493.634205049459,mobile,nan
3000678,-58.1067022016054,10002.609541391073,desktop,nan
3000679,-22.41349347972131,92399.15095153762,mobile,iOS Device
3000680,-66.12670442255686,69238.65280135788,desktop,iOS Device
3000681,-43.62628985546005,13583.1587633033,desktop,iOS Device
3000682,-79.50207671740893,36315.59376158173,mobile,nan
3000683,-25.80046088738277,59655.816396258044,mobile,nan
3000684,-94.77208967312404,83721.59880397422,desktop,Windows
3000685,-14.745735512449968,5322.431942587845,mobile,nan
3000686,-80.18036135783319,24426.680015530877,desktop,iOS Device
3000687,-12.560196829166927,89085.15003924262,mobile,nan
3000688,-64.74707586994828,1907.389468197832,mobile,nan
3000689,-27.731642552551335,20938.511176594853,desktop,Windows
3000690,-68.07747022138116,95943.39342132364,desktop,nan
3000691,-9.408832876535243,61726.78280569494,mobile,MacOS
3000692,-87.33628744816257,26905.46529711314,mobile,Windows
3000693,-82.14802107274014,7632.118345188913,mobile,nan
3000694,-50.696987484119774,3790.9427042749935,mobile,nan
3000695,-91.80615609618539,25229.7628840558,mobile,Windows
3000696,-80.40198152982381,88267.09613930214,desktop,nan
3000697,-5.623361778798568,42175.45177545344,mobile,iOS Device
3000698,-2.3510338852112795,72313.00354743331,mobile,MacOS
3000699,-62.37406706695781,91910.21850261581,desktop,MacOS
3000700,-7.671397898606429,41396.00569867884,desktop,iOS Device
3000701,-45.51753243265683,19936.459732702308,desktop,nan
3000702,-73.02575341262329,52194.67515483503,mobile,nan
3000703,-29.76012789194013,90900.28501892558,desktop,MacOS
3000704,-34.109819342514285,80633.06699963236,desktop,nan
3000705,-1.0874680891266593,7517.154492952224,desktop,MacOS
3000706,-73.49527125907167,69564.7072076806,desktop,MacOS
3000707,-32.794049733826455,57617.85472343642,mobile,iOS Device
3000708,-94.79762449705531,90838.85445829612,mobile,MacOS
3000709,-88.63539613032806,13125.660268179427,mobile,nan
3000710,-99.60816250489067,53869.575207261005,desktop,nan
3000711,-0.0539318940326865,88066.80665767734,desktop,Windows
3000712,-19.77263028525222,41592.35488743256,desktop,nan
3000713,-21.327698526645918,48717.496855553836,desktop,Windows
3000714,-49.02739247118203,7975.607089028871,desktop,MacOS
3000715,-69.993291709456,28536.22040444217,desktop,nan
3000716,-84.8735715537324,33126.15826772578,mobile,iOS Device
3000717,-71.53252611535363,94567.1224257438,mobile,iOS Device
3000718,-62.402877807086085,28984.068693574744,desktop,iOS Device
3000719,-24.368990301970598,46626.004791695545,mobile,MacOS
3000720,-46.03382110968476,67459.1379328637,desktop,MacOS
3000721,-92.25163734445174,17056.15386837986,desktop,Windows
3000722,-98.19709910410877,49157.79632704557,mobile,iOS Device
3000723,-89.76678204659369,74115.36490811485,desktop,Windows
3000724,-58.950128630262064,86818.66608967954,mobile,Windows
3000725,-6.680708295098171,62999.66819158024,desktop,nan
3000726,-36.25975187907784,67236.29801637784,desktop,nan
3000727,-19.81741001244849,13502.063785872328,mobile,iOS Device
3000728,-53.362540549545145,94631.87322738837,desktop,MacOS
3000729,-63.83339168049572,14124.833670963753,desktop,nan
3000730,-89.15996272833773,77692.62078099803,desktop,MacOS
3000731,-12.406697781379506,27216.815856053563,mobile,Windows
3000732,-21.683997097209712,93425.7212264239,desktop,Windows
3000733,-83.18819024022748,72275.99439757847,desktop,Windows
3000734,-48.77394361237395,75627.55758485853,desktop,Windows
3000735,-51.26251920787551,22686.85813292845,mobile,iOS Device
3000736,-37.49084473134714,44860.95768688092,mobile,Windows
3000737,-5.381310600873874,62163.506264339354,mobile,nan
3000738,-42.02285582375204,77227.3882024535,mobile,Windows
3000739,-45.97827332213814,11291.978215326568,mobile,MacOS
3000740,-94.9677067065336,96274.16632899831,desktop,nan
3000741,-93.7092523981976,89131.84638490104,mobile,MacOS
3000742,-81.26532086732111,27764.51045906285,mobile,MacOS
3000743,-96.75292283082517,82453.26406020086,desktop,iOS Device
3000744,-25.664710442998768,52314.06838094252,mobile,iOS Device
3000745,-27.666969600603693,46718.84167463984,desktop,MacOS
3000746,-86.39437655683571,32128.976475329135,mobile,MacOS
3000747,-16.39210992047191,58515.890076527656,desktop,Windows
3000748,-84.5213965153888,73259.02265265617,desktop,nan
3000749,-69.88244130026412,41682.35759131307,mobile,Windows
3000750,-75.1023100838635,63292.70010782092,mobile,iOS Device
3000751,-62.76929014269522,70231.97919437508,desktop,iOS Device
3000752,-74.53362341100382,71401.0598845133,desktop,Windows
3000753,-51.1049073561548,6144.643714986844,desktop,nan
3000754,-59.25921186453146,86115.03276282162,desktop,MacOS
3000755,-1.3430509220673486,46367.078161739744,desktop,Windows
3000756,-94.40736498717743,26979.19208792523,desktop,iOS Device
3000757,-85.78186236126484,24934.686240488478,desktop,nan
3000758,-94.71741060913975,48818.39717155109,mobile,iOS Device
3000759,-37.41588050176242,88796.32240742697,desktop,nan
3000760,-94.54907225862804,38456.410586582046,mobile,nan
3000761,-16.356026262387672,75222.84893157078,mobile,nan
3000762,-48.80613693180722,10585.054367734641,desktop,Windows
3000763,-47.29923754184663,48129.61351295512,desktop,Windows
3000764,-43.84054922878058,99176.92789888082,mobile,Windows
3000765,-82.91862936937892,77273.34247644136,desktop,nan
3000766,-80.23096968855124,21842.320355620686,desktop,nan
3000767,-68.11826771269953,50642.70589609316,mobile,iOS Device
3000768,-40.65035841781486,24128.851601208087,mobile,MacOS
3000769,-78.98822240597855,41546.53179898841,mobile,Windows
3000770,-88.36682728667388,78228.31834976151,desktop,nan
3000771,-2.9883113581567784,77351.25671374996,desktop,iOS Device
3000772,-97.80181851903771,23581.937412336127,mobile,iOS Device
3000773,-19.73025946639784,92300.10849733115,desktop,iOS Device
3000774,-21.196485042497798,59664.250093717856,mobile,Windows
3000775,-70.2785886154904,38612.504805239434,desktop,Windows
3000776,-86.43733839926865,50691.6224973052,mobile,MacOS
3000777,-85.43713532945766,60902.05409033663,desktop,iOS Device
3000778,-30.256838276280746,56429.16265273275,mobile,Windows
3000779,-35.71934089138263,49154.09851808164,desktop,iOS Device
3000780,-21.72543257486133,50988.34760485061,desktop,nan
3000781,-6.251882760089529,18464.77913236073,mobile,iOS Device
3000782,-30.8072636733408,81460.55752616326,desktop,MacOS
3000783,-84.41484634485565,54634.27167416052,desktop,Windows
3000784,-75.65573832345893,13976.906308765607,mobile,nan
3000785,-15.780626912688547,76849.55305669502,desktop,Windows
3000786,-79.06939241657915,93311.95385935773,desktop,nan
3000787,-92.74776830455185,94783.38302445925,desktop,iOS Device
3000788,-29.671994595774947,37532.755508706105,mobile,iOS Device
3000789,-59.7473644509858,14416.17048251465,mobile,MacOS
3000790,-7.9959947454096465,52321.56303667345,mobile,MacOS
3000791,-34.97449289063384,12148.313705572848,mobile,nan
3000792,-90.95810222083392,93464.7544327491,mobile,MacOS
3000793,-5.214343274633933,19174.383108159454,desktop,MacOS
3000794,-74.14427363597541,26023.820135165242,desktop,MacOS
3000795,-66.27875095937142,41257.016161612075,mobile,MacOS
3000796,-59.7739586316458,38933.28238735345,desktop,iOS Device
3000797,-94.87757035956868,79671.62634739101,desktop,MacOS
3000798,-50.34845777693951,46175.36523454527,desktop,iOS Device
3000799,-87.66815089247078,17906.05774033035,desktop,iOS Device
3000800,-59.902967331164824,27453.779653121335,mobile,Windows
3000801,-64.92902120079157,51402.22513356468,mobile,iOS Device
3000802,-22.71599165734966,15597.937825187355,desktop,iOS Device
3000803,-19.682948836726894,61553.911888955394,desktop,MacOS
3000804,-84.6587117610912,57008.983348563444,mobile,iOS Device
3000805,-63.34488126207738,71755.52932184351,desktop,nan
3000806,-62.66468389681683,93832.7569225574,desktop,MacOS
3000807,-84.85895560639149,91313.20154901441,desktop,MacOS
3000808,-20.154649494880942,94661.4861888143,mobile,MacOS
3000809,-29.277167166457673,25226.844105346394,mobile,Windows
3000810,-80.96182137029652,14024.965357296107,desktop,MacOS
3000811,-63.3278091406201,30925.393349148402,desktop,iOS Device
3000812,-89.41949751434858,89613.43210386514,desktop,nan
3000813,-37.179340290695606,97233.29398772534,desktop,MacOS
3000814,-87.86280754513803,86073.17015597713,desktop,MacOS
3000815,-1.4065831375082212,11891.754391626817,desktop,nan
3000816,-21.931792531213773,94795.37180791952,mobile,MacOS
3000817,-60.976145041600496,42912.44470772781,mobile,Windows
3000818,-42.14360677206456,1921.7187854730141,desktop,iOS Device
3000819,-8.865818378359123,44796.980334071166,mobile,nan
3000820,-44.59007196041739,5560.847797871292,desktop,nan
3000821,-82.55015136020448,54843.91419495064,desktop,Windows
3000822,-62.12966444188407,34516.84871626808,mobile,iOS Device
3000823,-15.685513497025454,47870.05842581083,mobile,Windows
3000824,-35.57869840103821,61703.865713568586,desktop,iOS Device
3000825,-34.92756156661997,87011.30848596421,desktop,Windows
3000826,-13.317851431151084,66528.25607072093,mobile,MacOS
3000827,-10.602694253749533,43970.837979339885,mobile,Windows
3000828,-8.020742822056377,82123.35751336614,desktop,nan
3000829,-90.51508067468438,90652.63161974009,desktop,nan
3000830,-45.58739980368991,12856.236676787525,desktop,nan
3000831,-25.949047878168145,53661.364777726354,mobile,Windows
3000832,-24.307315487298624,29166.68401450197,desktop,nan
3000833,-39.32837980299961,5659.058589817793,mobile,nan
3000834,-83.32126648163259,67186.12281628455,desktop,MacOS
3000835,-20.257944605833572,86414.30696846334,mobile,MacOS
3000836,-27.98886664850542,17127.36279326201,mobile,iOS Device
3000837,-91.38642284509638,81428.95210476615,mobile,iOS Device
3000838,-53.619017532562374,85486.17762015722,mobile,iOS Device
3000839,-82.60226004781964,91519.70382398186,desktop,Windows
3000840,-66.25229542870281,27263.22381951919,mobile,iOS Device
3000841,-98.19189077943146,90491.35345379903,mobile,Windows
3000842,-59.967013158924175,32745.612718906792,mobile,Windows
3000843,-45.012307884378956,55681.463332094776,desktop,iOS Device
3000844,-38.04174071729132,6000.239612395931,desktop,iOS Device
3000845,-33.650965487128985,5344.227748505617,desktop,Windows
3000846,-16.370868689754005,72316.94806048808,desktop,MacOS
3000847,-78.453709272427,45003.51781980132,desktop,nan
3000848,-87.9518177561532,26372.94516155254,desktop,nan
3000849,-14.846282810207441,19850.93610646611,mobile,nan
3000850,-84.338718510735,67325.39559506258,mobile,MacOS
3000851,-2.52399186638047,1039.7528585086475,mobile,Windows
3000852,-15.746177060136304,80783.22575048856,desktop,iOS Device
3000853,-49.91233941104009,8845.711006862952,mobile,Windows
3000854,-1.8578575077974762,19957.471875903826,mobile,Windows
3000855,-90.26232708919957,39237.40313460987,desktop,iOS Device
3000856,-69.69342388248984,49001.01523189426,mobile,MacOS
3000857,-36.177558495938854,36144.516465580244,desktop,nan
3000858,-64.99931315268213,32750.504333445097,mobile,nan
3000859,-7.162744801920823,96427.68519524565,desktop,Windows
3000860,-93.43739118221825,64516.38844309603,desktop,MacOS
3000861,-45.058816793903546,3319.8625813714325,desktop,nan
3000862,-40.91337326048855,43587.414935987006,mobile,MacOS
3000863,-34.72718762227758,87625.86127465306,mobile,iOS Device
3000864,-74.43337766681856,30844.16245465613,desktop,Windows
3000865,-63.54335724801356,10361.078132664436,desktop,Windows
3000866,-15.631947033502229,76080.09238740186,mobile,MacOS
3000867,-80.50572310298402,60995.36936167205,mobile,nan
3000868,-17.31321528266379,57460.938274823886,desktop,MacOS
3000869,-43.73445770972576,6304.079401133385,mobile,iOS Device
3000870,-23.78124888059179,14909.401969756216,mobile,nan
3000871,-28.639263373652852,62632.390225098265,mobile,nan
3000872,-79.24885046151209,21574.560304424744,desktop,MacOS
3000873,-43.11872635661271,50902.93789509401,desktop,iOS Device
3000874,-13.227684719490767,54943.28691690995,mobile,nan
3000875,-56.788376319807064,29067.211836823,desktop,Windows
3000876,-3.3409229776683276,94894.09039860779,mobile,iOS Device
3000877,-54.778489989828195,84403.94657672194,mobile,nan
3000878,-85.72143633321153,72514.97725564706,desktop,MacOS
3000879,-61.05653199223268,8721.3927745315,desktop,nan
3000880,-4.829759360946284,11506.871911592925,desktop,Windows
3000881,-68.02791506601457,49785.35324063061,mobile,iOS Device
3000882,-13.190184013293717,16910.621569907584,mobile,nan
3000883,-11.874931831811026,97848.28088941793,desktop,Windows
3000884,-64.98134756680389,16693.503168713534,desktop,nan
3000885,-91.67423419493679,49259.31571093343,desktop,nan
3000886,-27.54420908411818,37047.98462730904,mobile,iOS Device
3000887,-68.84877009860139,64299.2557239557,mobile,MacOS
3000888,-21.707638574242765,13774.604480053067,mobile,MacOS
3000889,-55.73451517395669,43601.326376196695,desktop,Windows
3000890,-51.47332576573784,28195.79824790722,desktop,Windows
3000891,-22.209059325146313,88887.40094249712,mobile,Windows
3000892,-61.76366689383721,5017.985501334813,desktop,iOS Device
3000893,-55.68726546770855,91459.02190663946,desktop,MacOS
3000894,-62.380953123037784,83466.41971674704,desktop,Windows
3000895,-63.265948472272,30459.50092764073,desktop,Windows
3000896,-47.405342309854056,79139.77481303336,mobile,nan
3000897,-19.120055549884924,4090.1424735360083,desktop,nan
3000898,-63.823168807743414,96719.68947904596,mobile,Windows
3000899,-47.57452794622633,53132.89931638914,mobile,nan
3000900,-32.92726745573992,31024.82158047908,desktop,nan
3000901,-73.05605536963449,36895.73804687303,mobile,nan
3000902,-72.24771950976074,7574.129992589239,mobile,iOS Device
3000903,-6.658687297654524,98945.60189016188,desktop,Windows
3000904,-27.646542666891136,4889.902569918553,mobile,Windows
3000905,-42.28133237766911,65835.80519163804,mobile,nan
3000906,-35.2279945579388,44830.85684293937,mobile,iOS Device
3000907,-97.07005568965816,94942.70560068279,mobile,nan
3000908,-38.18970344383031,25353.97429037272,mobile,iOS Device
3000909,-49.04911267757981,53676.59556986312,mobile,Windows
3000910,-45.425032022056435,48753.264649692544,mobile,nan
3000911,-64.05761731691828,70583.77796096004,mobile,Windows
3000912,-91.85261022870581,7733.0129632896305,desktop,iOS Device
3000913,-80.66607663879478,20185.12387231213,desktop,MacOS
3000914,-4.925528678732832,22241.917189192132,desktop,iOS Device
3000915,-59.1300437729066,74076.92472932728,mobile,MacOS
3000916,-53.33168441691358,19724.730936347267,mobile,Windows
3000917,-94.7290210146561,57775.68462520669,mobile,Windows
3000918,-96.24337704560195,22309.138229594417,desktop,nan
3000919,-28.281855295324235,86300.87005831387,desktop,MacOS
3000920,-46.19053358788887,94276.35999447422,desktop,iOS Device
3000921,-49.12940157837333,52330.8045192818,mobile,Windows
3000922,-75.68754695773313,35878.57953670865,desktop,MacOS
3000923,-25.524926837007783,24171.719726732415,desktop,iOS Device
3000924,-83.17634208915081,5928.319150781333,mobile,MacOS
3000925,-81.006525633898,27581.507543552045,desktop,iOS Device
3000926,-53.92878286517245,65769.34221458648,mobile,iOS Device
3000927,-71.3720137888059,53828.076199611874,desktop,iOS Device
3000928,-75.25370187668537,94460.08654981182,mobile,iOS Device
3000929,-35.476235544666835,40231.448986678355,mobile,MacOS
3000930,-34.902825478145544,69692.47089051106,mobile,MacOS
3000931,-17.54829302000708,49442.95200003702,mobile,nan
3000932,-58.22914330270241,51745.04537649696,mobile,MacOS
3000933,-92.69149089738498,27509.657145807632,desktop,MacOS
3000934,-72.63336150785423,46040.12690735797,mobile,nan
3000935,-1.999453680318311,47607.71470425802,mobile,MacOS
3000936,-40.37414247672979,70957.60965314446,mobile,iOS Device
3000937,-29.026291519897967,94123.35991942527,mobile,Windows
3000938,-99.26421703745855,33602.80647076792,desktop,Windows
3000939,-48.179426781747914,5177.846389548546,mobile,nan
3000940,-96.24713424681968,50133.21742456333,desktop,MacOS
3000941,-43.0769787908552,54901.67188276769,mobile,MacOS
3000942,-7.922915036392467,17675.61456205961,mobile,nan
3000943,-3.1580869499592126,76285.9960213306,desktop,Windows
3000944,-45.944732461107584,98507.98173570767,desktop,iOS Device
3000945,-54.1795194747784,94631.69698383764,desktop,MacOS
3000946,-5.498290575150605,20513.497843541565,mobile,nan
3000947,-32.639016800330495,87660.9607501753,desktop,iOS Device
3000948,-93.51007204615905,70744.87000475678,mobile,nan
3000949,-53.42744223325025,45930.80981688425,desktop,nan
3000950,-75.97549815356962,54520.488438148175,desktop,nan
3000951,-53.01956785513185,85110.41732326335,mobile,Windows
3000952,-54.45344279936383,48533.359024198944,desktop,Windows
3000953,-41.7855197185258,37947.52954140756,desktop,nan
3000954,-64.32295096507488,49831.5018095726,mobile,MacOS
3000955,-83.5729550544072,58333.850599469864,mobile,iOS Device
3000956,-49.62805654100437,19718.687724056534,mobile,MacOS
3000957,-16.9797115654238,90189.86529643208,desktop,Windows
3000958,-33.59877719323977,67744.50793413178,desktop,iOS Device
3000959,-66.16321340747842,63693.6228164114,desktop,nan
3000960,-6.447697724114278,10850.126391883176,desktop,MacOS
3000961,-8.779242875081778,60813.21987908659,desktop,MacOS
3000962,-79.06516006159012,12975.10556161074,mobile,nan
3000963,-96.0582414879637,8791.069844344507,desktop,MacOS
3000964,-25.869129164923777,53203.77866859694,mobile,Windows
3000965,-17.238973865084674,40875.767870603006,desktop,nan
3000966,-3.213543404864467,59292.216745466096,mobile,MacOS
3000967,-11.016360591168933,9832.994637666621,desktop,nan
3000968,-39.946523179358515,43667.323221878585,desktop,iOS Device
3000969,-46.99476607876192,18303.884789470638,mobile,nan
3000970,-97.21589487374138,98722.90850648754,desktop,MacOS
3000971,-75.33435531552222,56553.871031082264,mobile,Windows
3000972,-54.03852482670736,69056.24923314586,desktop,nan
3000973,-37.14960999164322,33216.40978757817,desktop,nan
3000974,-44.274816668158934,10379.15256315507,mobile,MacOS
3000975,-25.73640103183095,97611.21541557013,desktop,Windows
3000976,-72.02330691129592,29339.644502935138,mobile,Windows
3000977,-43.50473923475268,42957.01033218385,desktop,iOS Device
3000978,-91.18577566092078,65336.528248554925,desktop,iOS Device
3000979,-58.633447641679304,3445.032470925017,desktop,MacOS
3000980,-24.983916704539894,81215.6539212114,desktop,Windows
3000981,-30.659914657095598,54121.24081283341,desktop,Windows
3000982,-0.9357262827820989,28543.50151981339,desktop,iOS Device
3000983,-72.2108874012244,7099.190543954455,desktop,iOS Device
3000984,-50.18107008260208,17087.343131969705,mobile,MacOS
3000985,-67.04695862260033,89608.35202649025,desktop,Windows
3000986,-55.939688594082526,68916.39816965321,desktop,nan
3000987,-14.304987013061194,25740.270442052093,desktop,iOS Device
3000988,-31.579092481151335,7494.475729557924,mobile,MacOS
3000989,-11.755880865241835,69370.915926277,mobile,Windows
3000990,-79.64888916681136,57668.36487080875,desktop,Windows
3000991,-12.663888215856204,41047.43292136527,desktop,iOS Device
3000992,-94.02377258216156,36997.53346981632,desktop,MacOS
3000993,-11.140071956284757,22464.613316981722,mobile,nan
3000994,-67.09262205392722,67291.51439721424,desktop,iOS Device
3000995,-68.54123665859335,97096.13475159318,mobile,MacOS
3000996,-48.79114233013361,18395.80933784576,desktop,Windows
3000997,-5.930981227676824,60114.54538153483,mobile,nan
3000998,-95.22186353185947,42994.320518851644,mobile,MacOS
3000999,-64.77690249292547,45222.18345272182,desktop,nan
